ats,slug
ashby,center
ashby,civic
ashby,compass-reg
ashby,continua
ashby,fanvue
ashby,gtv
ashby,hive
ashby,honey
ashby,iris
ashby,k2space
ashby,limitless
ashby,monad
ashby,oboe
ashby,p-1
ashby,p2p
ashby,pear
ashby,privy
ashby,rabbet
ashby,scribd
ashby,squint
ashby,trayd
ashby,v7labs
ashby,voltai
greenhouse,0x
greenhouse,100x
greenhouse,113134
greenhouse,38degrees
greenhouse,8thwall
greenhouse,98point6
greenhouse,abstract
greenhouse,acelerate
greenhouse,aclima
greenhouse,adhocteam
greenhouse,adim
greenhouse,adjust
greenhouse,admarketplaceinc
greenhouse,aetion
greenhouse,airbyte
greenhouse,airmap
greenhouse,airware
greenhouse,algorithmia
greenhouse,alto
greenhouse,ambiencehealthcare
greenhouse,aminohealth
greenhouse,amun
greenhouse,anaconda
greenhouse,anchor
greenhouse,anchorage
greenhouse,andela
greenhouse,appannie
greenhouse,appboy
greenhouse,applytofortue
greenhouse,applytoguava
greenhouse,applytonavvable
greenhouse,applytowaysync
greenhouse,aptible
greenhouse,arenanet
greenhouse,argo
greenhouse,around
greenhouse,ascertain
greenhouse,aspireiq
greenhouse,assembled
greenhouse,atherdigital
greenhouse,atolla
greenhouse,atticus
greenhouse,autogravitycorporation
greenhouse,autonomic
greenhouse,avalabs
greenhouse,avalabsecosystem
greenhouse,away
greenhouse,bayanetwork
greenhouse,bcgdv
greenhouse,beacon67
greenhouse,beacons
greenhouse,beanstalk
greenhouse,beekeeper
greenhouse,beeswax
greenhouse,bensonhillinc
greenhouse,better
greenhouse,betterup
greenhouse,betterworks
greenhouse,bevy
greenhouse,bittrex
greenhouse,blackwoodseven
greenhouse,blockfi
greenhouse,bluebeam
greenhouse,bluevine
greenhouse,bobsledinc
greenhouse,boilerroom
greenhouse,bondfinancialtechnologies
greenhouse,bonobos
greenhouse,braintree
greenhouse,brandless
greenhouse,breather
greenhouse,brightcove
greenhouse,britandco
greenhouse,caffeine
greenhouse,campusedu
greenhouse,canaanpartners18
greenhouse,canary